0,Aardwolf Essex (More Fur Less)
1,Absinth (Made Fur You)
2,Acai (Made Fur You)
3,Ace (AllosaurexSuits)
4,Ace (More Fur Less)
5,Aceofheartsfox (More Fur Less)
6,Ace (Pawsuitic Suits)
7,Adal (Mischief Makers)
8,Aero Nova (Don't Hug Cacti)
9,Aery (Sunny Valley Creations)
10,Aku (onrei_works)
11,Alan Greenspan (LobitoWorks)
12,Alek (Blue Harbor Mascots)
13,Alexi Husky (Fox Closet)
14,Alex (LupeSuits)
15,Alpha (Made Fur You)
16,Amiss (Made Fur You)
17,Amran (Mixed Candy)
18,Andy (Dandylions)
19,Angel (Angel Vixen Studios)
20,Antares (Dream Machine)
21,Antares (LupeSuits)
22,Aoi (Don't Hug Cacti)
23,Apatite Grey (Gentlefur Studio)
24,Aphinic (B3 Mascots)
25,Aphinity (Aphinity)
26,Apogee Westwood (More Fur Less)
27,Apoxon Possum (Apoxon Industries)
28,Arcanine (SuitADile)
29,Arc (Coda)
30,Archer (Lemonbrat)
31,Archer (TheKareliaFursuits)
32,Arctic Dalmatian (Don't Hug Cacti)
33,Arctic Ice Fox (Crazyjoe1952)
34,Argrent (DTWA)
35,Argus (Want the Fluff)
36,Arko (Mixed Candy)
37,Armalite (Furry Machine)
38,Arno Wolf (Arend Studios)
39,Arno Wolf (Mixed Candy)
40,Arrin (Sunny Valley Creations)
41,Arsenic (Desired Wolf Creations)
42,Artic (Mixed Candy)
43,Artie (OneFurAll Studios)
44,Arya (Dandylions)
45,Arysdron (More Fur Less)
46,Ascari Husky (Coloring Book Dog)
47,Ascari Husky (More Fur Less)
48,Ash (Norsewolf Creations)
49,Asriel (Aheun)
50,Asswolf (Poodlewool)
51,Astrid (Jillcostumes)
52,Atari McBurgers (Daz_Wolf Fursuits)
53,Atlas (AllosaurexSuits)
54,Atlas Inu (More Fur Less)
55,Atlas (Made Fur You)
56,Atticus (Arvins Lair)
57,Augie (Mixed Candy)
58,Auron Svartvarg (Don't Hug Cacti)
59,Aurora Bloom (Bloom Baby)
60,Autumn (Fursonalities)
61,Avanto (More Fur Less)
62,AviFox (Made Fur You)
63,Avocado (Transfurence)
64,AvWuff (Don't Hug Cacti)
65,AvWuff (Kariwanz)
66,AvWuff (Squeak Latex)
67,Axel (PoisonedFluff)
68,Azur Dragon (Mixed Candy)
69,Baby Blu (Made Fur You)
70,Bacon (Fursuits by Lacy)
71,Baffin (Kodi Made)
72,Bailey Corgi (Sunny Valley Creations)
73,Bandit (Get Fluffy)
74,Bandit (Kodi Made)
75,Bandit (The Fuzz Factory)
76,Bappers (Plush Army)
77,Barkley (The Fuzz Factory)
78,Barley (Seylyn)
79,Baseball Bat (Baseball Bat)
80,Bastian (Hindpaws)
81,Bastian (Lemonbrat)
82,Baz (Orwin)
83,Beagle In Red (LupeSuits)
84,Beale (Menagerie Workshop)
85,Beat (FurFancy Costumes)
86,Beauty of the Bass (Beautyofthebass)
87,Becquerel (Kangaroo Reef)
88,Beef Jerky (Matrices)
89,Beem (Midowko Art)
90,Beiny (Blue Harbor Mascots)
91,Bengal (ByCats4Cats)
92,Benn Kitsune (GrayREALM Studio)
93,Benn Kitsune (High Desert Fursuits)
94,Bentley (Kilcodo Costumes)
95,Bentley (RubberDawg)
96,Benzo (Made Fur You)
97,Bissy (Dream Machine)
98,BitKat ShankTooth (BNCreation)
99,Blondie (Fursuits by Lacy)
100,Blooski (Arend Studios)
101,Blueneko (Fursuits by Lacy)
102,Bluey (TheKareliaFursuits)
103,Bolt (Made Fur You)
104,Bolt (Mut-Mut-Fur Costumes)
105,Bones (The Fuzz Factory)
106,Bongo (Enigma Fox)
107,Bonk (Battitude Studios)
108,Boof (BNCreation)
109,Booker Fox (Mischief Makers)
110,Boompuma (ByCats4Cats)
111,Boston (Sewing Critters)
112,Bowser (Wild FuZz Studios)
113,"Brighton (Jondi, Klickitat)"
114,Brina (Dandylions)
115,Brown Wolf (Mischief Makers)
116,Brutus (OneFurAll Studios)
117,Buaya (Kastronome)
118,Bubbles (Mischief Makers)
119,Buckley Deer (The Fuzz Factory)
120,Bucky (Snow Gryphon Suits)
121,Bumper (Kodi Made)
122,Bunnymund (The Phoenix Nest)
123,Bunsen (Creative Mochi)
124,Byakko (Mixed Candy)
125,Byte (The Fuzz Factory)
126,Cainen McGuffin (Apoxon Industries)
127,Calder (Neon Fur Studios)
128,Calmide (Roofur)
129,Candle (Heads & Tails Studios)
130,Candy Fox (Crazyjoe1952)
131,CandyPaws (KemoSuki)
132,Captain Buck Rabbit (Ocean Wolf)
133,Captain Furry (More Fur Less)
134,Carter (Lemonbrat)
135,Cass (Heads & Tails Studios)
136,Cassidy Civet (Blue Wolf Studio)
137,Casspi Rico (BriskyBusiness)
138,Castor (R_L Works)
139,Cathlamet (Matrices)
140,CatProwler (Sparkle Kreations)
141,Cenny (Mixed Candy)
142,Ceowolf (Ceowolf)
143,Chaba (K-LINE)
144,Chaga (Arend Studios)
145,Chaga (TheKareliaFursuits)
146,Chalk (Mischief Makers)
147,Chance (Arend Studios)
148,Charles (Party Dog Fursuits)
149,Charm (Arend Studios)
150,Cheetah Obscura (Roofur)
151,Cherenkov (TheKareliaFursuits)
152,Cherry (LupeSuits)
153,Chey (Norsewolf Creations)
154,Chicane Coyote (Made Fur You)
155,Chip Fox (OneFurAll Studios)
156,Chipper (OneFurAll Studios)
157,Chirros (Daz_Wolf Fursuits)
158,Choco (Don't Hug Cacti)
159,Cholla (What's Up Hot Dog)
160,Chomp (Rancid Rampage)
161,Chompy (The Fuzz Factory)
162,Chorpion (ByCats4Cats)
163,Chuck E Cheese (ShowBiz Pizza)
164,Cinder (Fursuits by Lacy)
165,Cirrus (Made by Paws)
166,Citrox (Made Fur You)
167,Clara Coydog (Made Fur You)
168,Claud LeTigre (Daz_Wolf Fursuits)
169,Click (Zilven Art)
170,Clo (Kemonokapi)
171,Cloud Dutchie (DragonWolf Studio)
172,Cloud Husky (Made Fur You)
173,Clouwy (Made Fur You)
174,Clover (Made Fur You)
175,Clyde (Thunderhowl Studios)
176,Clypse Fusky (Made Fur You)
177,Cobalt (Made Fur You)
178,Cobalt (Party Dog Fursuits)
179,Coco (SuitADile)
180,Conrad Caribou (BNCreation)
181,Convo (DookerTime)
182,Coopertom (Jillcostumes)
183,Corey Coyote (Camodile)
184,Cormack (Fursuit Creations)
185,Cornflakes (Lemonbrat)
186,Corran (Fursuits by Lacy)
187,Corvus (TheKareliaFursuits)
188,Cosine (Arend Studios)
189,Cosmic Wuffy (The Phoenix Nest)
190,Coutzy (Mixed Candy)
191,Coy (Fursuits by Lacy)
192,Crash Azarel (Furry Machine)
193,Crass (More Fur Less)
194,Crazypaws (Blue Harbor Mascots)
195,Crisp (Apoxon Industries)
196,Croix (Norsewolf Creations)
197,Crossed Paws (Arend Studios)
198,Cupid the Deer (The Fuzz Factory)
199,Cuttlebone (Cuttlebone Costumes)
200,Cyberkitsune (Kilcodo Costumes)
201,Cyndercidee (More Fur Less)
202,Cypress (Norsewolf Creations)
203,Cypress (OneFurAll Studios)
204,Daigo (Plush Army)
205,Daisuke (Don't Hug Cacti)
206,Dalmatian (Crazyjoe1952)
207,Dalton (Twinky Arts)
208,Damaron (OneFurAll Studios)
209,Damian (Twinky Arts)
210,Danny (Munchkin)
211,Dario Mouse (Surf Cat Costumes)
212,Darteri (Mutt-zilla)
213,Darxid (Myfurcreations)
214,Dash Tiger (The Phoenix Nest)
215,Dat (Isabelapparel)
216,Dawn (Made Fur You)
217,Daxter Fox (Norsewolf Creations)
218,Dei Kitten (More Fur Less)
219,Dekks (Made Fur You)
220,Delphox (Dandylions)
221,Delta Dragon (Zyves)
222,Denali (AlphaKraft)
223,Dershep (Stormfire Studios)
224,Destinii (Made Fur You)
225,Dewdrop (TunnySaysIDK)
226,Dex (More Fur Less)
227,Dexy (More Fur Less)
228,Diaboliclaw (More Fur Less)
229,Didgeri Roo (Ruffled Designs)
230,Diggur (Dombrus)
231,Dioxi (Dioxi)
232,Dizzy (Doodle Dreams)
233,Dizzy (OneFurAll Studios)
234,Dojo the Dingo (Fritz Kangaroo)
235,Doki (KemoSuki)
236,Doktor (Mischief Makers)
237,Dolmuth (Tinkerdarn)
238,Doris (Don't Hug Cacti)
239,Doryuu Shepherd (Don't Hug Cacti)
240,Doryuu Shepherd (Made Fur You)
241,Dougie (TheKareliaFursuits)
242,Dracian (Furducers)
243,DragonManMike (Savage Turtle Studios)
244,Drekian (KomicKrazi Studios)
245,Drewby (Mixed Candy)
246,Drew (Critter Country)
247,Drewzy (HappyTails)
248,Drox (OneFurAll Studios)
249,Dru (Norsewolf Creations)
250,Duffy Civet (Fursuits by Lacy)
251,Duffy Civet (The Palomino)
252,Duke (More Fur Less)
253,Duke (Stormfire Studios)
254,Duke (Zarathus)
255,Duncan the Dog (White Wolf Creations)
256,Dusk (Furr Happens)
257,Dusk (Made Fur You)
258,Duskon (Kigurumi Kagetsu)
259,Dust (Fanimal Creations)
260,Dusty (Corgilegs Crafts)
261,Dyser (Dyser)
262,Eaite (Kodi Made)
263,Eastea (More Fur Less)
264,Eco (Eco)
265,Edgewise Griffin (The Fuzz Factory)
266,Edward Hamstar (Made by Mercury)
267,Elbrar (More Fur Less)
268,Elecami Wolf (Roofur)
269,Elliot the Bunny (Crafty Critters)
270,Empty Shadow (ByCats4Cats)
271,Enthis (Ritz Costumes)
272,Esro (Esro)
273,Evilii (Shkaff28)
274,Evo Shepsky (Mischief Makers)
275,Fable (Apoxon Industries)
276,Fairlight (Waggery Costumes)
277,Falcy Hedgehog (More Fur Less)
278,Farad (Don't Hug Cacti)
279,Faril (Norsewolf Creations)
280,Far Wolf (Fursuits by Lacy)
281,Faux Veritas (LupeSuits)
282,Feathers (Kemonokapi)
283,Felicity Fluff (Don't Hug Cacti)
284,Felix the Fox (Fursuits by Lacy)
285,Fender (White Wolf Creations)
286,Fennec Fox (Crazyjoe1952)
287,Fennekin (Dandylions)
288,Fenny (Arend Studios)
289,Ferillan (Ocean Wolf)
290,Ferrum X. (Zilven Art)
291,Fibre Kitty (Roofur)
292,Fiji (Sunny Valley Creations)
293,Fire Dogs (CanRexPlay)
294,Fire Fluff (FurForFun)
295,Firefly Wolfy (Mischief Makers)
296,Fizzy (Gold Ribbon Studio)
297,Flair (Fursuits by Lacy)
298,Flip (The Phoenix Nest)
299,Floeke (TheKareliaFursuits)
300,Floww (Mischief Makers)
301,Fondy (Roofur)
302,Forest (Twinky Arts)
303,Fortis (Made Fur You)
304,Fox Amoore (Stormfire Studios)
305,Fox McCloud (Pekoe)
306,Fox (Nero Sybertyger)
307,Foxx (More Fur Less)
308,Fozzaroo (Roofur)
309,Fraise (K-LINE)
310,Frankie Ancelotti (Dragon Soup Costumes)
311,Frankie Otter (Kiwi Fox)
312,Fraya (Paciulo Fursuits)
313,Frenzy (Twig Mouse)
314,Freydag Camaraski (Demons Den Studios)
315,Fridu (Get Fluffy)
316,Frio (Myfurcreations)
317,Frisbee (Mixed Candy)
318,Frizbee Pup (Critterville)
319,Frostbite (More Fur Less)
320,Frosteefox (Surf Cat Costumes)
321,Frosti (Made Fur You)
322,Frost T. Husky (Twinky Arts)
323,Fujiwara (Get Fluffy)
324,Furrite (TheKareliaFursuits)
325,FurrSymphony (More Fur Less)
326,Fuze (Mischief Makers)
327,Fuzzy Otter (Made Fur You)
328,Gabby Deerfox (Goozerbug Suits)
329,Gael'Rathus (That's Furred Up)
330,Gale Frostbane (Twinky Arts)
331,Gamma (Sugar N Spice Costumes)
332,Gaomon (Tai)
333,GG Blackback (Crystumes)
334,G Hyena (More Fur Less)
335,Gilda Griffon (Surf Cat Costumes)
336,Ginji (Rising Sun Kemono)
337,Glasius (Heads & Tails Studios)
338,Goku (ByCats4Cats)
339,Goku (Waggery Costumes)
340,Gola'Waya (Kodi Made)
341,Gola'Waya (OneFurAll Studios)
342,Grael (KomicKrazi Studios)
343,Grave (More Fur Less)
344,Grave (Twinky Arts)
345,Greenywoof (Omegapaws)
346,Growly (Fallimar)
347,Growly (Made Fur You)
348,Gryph (Beastcub Creations)
349,Guilin (Sewing Critters)
350,Guilmon (SuitADile)
351,Gus Boarberry (More Fur Less)
352,Gusty (Marylen Costumes)
353,Harley (Myfurcreations)
354,Harley (Peppertomb)
355,Harley (Wild Life)
356,Hato Collie (Menagerie Workshop)
357,Haurbus (FurGenStudios)
358,Haven T. Fusky (Toffee Crafts)
359,Hayden (Paciulo Fursuits)
360,Hazmat (Mixed Candy)
361,Heliodor (Spark Costumes)
362,Hershey (Arend Studios)
363,Hexum (Mixed Candy)
364,High Definition (The Phoenix Nest)
365,Hijinx (Lemonbrat)
366,Hiru (Dandylions)
367,Hiyu (The Fur Collective)
368,Hogger (Kazplay)
369,Hondo (YBL Suits)
370,Honey (The Fuzz Factory)
371,Horizon (Whizmi Creations)
372,Hornet (Made Fur You)
373,Hornet (Roofur)
374,Hornet (RubberDawg)
375,Howee Husky (Don't Hug Cacti)
376,Howie (Hindpaws)
377,Howlie Tigerpaw (Fursuits by Lacy)
378,Hroar (YCHSuits)
379,Hubcap (More Fur Less)
380,Hubcap (RedHyena Fursuits)
381,Hug Wuff (Don't Hug Cacti)
382,Hund (LupeSuits)
383,Ice Foxx (Mixed Candy)
384,Ieko (More Fur Less)
385,Ikawa (Silvena Handmade)
386,Ike (Twinky Arts)
387,Indica (Desired Wolf Creations)
388,Inferno Sabercat (Roofur)
389,Inferno Wolf (Made Fur You)
390,Ioco (OneFurAll Studios)
391,Iris (Fursuits by Lacy)
392,Iris (Templa Creations)
393,IronFur (OneFurAll Studios)
394,Isaac (FuzzButt Fursuits)
395,Jacky Rabbit (Kodi Made)
396,Jai the Jackal (More Fur Less)
397,Jaiy Buck (Rum Wolf Studios)
398,Jake (Don't Hug Cacti)
399,Jake Tiggy (Arend Studios)
400,Jamba Lion (OneFurAll Studios)
401,Jamie Sharp (Heads & Tails Studios)
402,Jase (Beetlecat Originals)
403,Jasper (Menagerie Workshop)
404,Jasper (OneFurAll Studios)
405,Jasper Woyote (Kodi Made)
406,JD Fuchs (Jillcostumes)
407,Jeetix (Mischief Makers)
408,JesseBlueFox (PyropeCostumes)
409,Jesse Frosst (Frosst Fursuits)
410,Jesse Husky (Mixed Candy)
411,Jezza (BioPelt)
412,Jib Kodi (Don't Hug Cacti)
413,Jik (Fursonalities)
414,Jingle Bou (Furr Happens)
415,Johnny Colt (Mutt-zilla)
416,Jordan (KomicKrazi Studios)
417,Jordan (LupeSuits)
418,JT Wusky (Fursuits by Lacy)
419,Kabu (Dandylions)
420,Kage (Arend Studios)
421,Kai (Don't Hug Cacti)
422,Kai Glyn Llewellyn (Camodile)
423,Kai (Mischief Makers)
424,Kaiser (Mischief Makers)
425,Kaji Draolf (Furr Happens)
426,Kaji Draolf (Made Fur You)
427,Kaleido (Fursonalities)
428,Kamadan Uncia (Tiggy Workz)
429,Kanan Collie (BNCreation)
430,Kanan Collie (Noble Productions)
431,Karnyth (Made Fur You)
432,Karo (Apoxon Industries)
433,Karu (Norsewolf Creations)
434,Karu (The Palomino)
435,Kashiru (Mischief Makers)
436,Katav (Twinky Arts)
437,Kato (ByCats4Cats)
438,Kato (Fallimar)
439,Katsuke (More Fur Less)
440,Kayjay (Made Fur You)
441,Kchierath (Furvan)
442,Keenora (Arend Studios)
443,Kekli Kerro (Made Fur You)
444,Kenji Ono (Ticklish Tentacle Studio)
445,Kerk (Made Fur You)
446,Kero the Wolf (Korosu Studios)
447,Kero the Wolf (Lunarwolfpupstudios)
448,Kevon Husky (Fursuits by Lacy)
449,Keyy Otter (OneFurAll Studios)
450,Kheetah (Arend Studios)
451,Kibbix (Fursuits by Lacy)
452,Kieran (Kitsune Illusions)
453,Kierenshep (Seylyn)
454,Kiguel (ByCats4Cats)
455,Kijani (Beastcub Creations)
456,Kijani (Furducers)
457,Kilo (Twinky Arts)
458,Kimani (Fun-Fur-All)
459,Kimberly Sweet (Dezzo)
460,Kimchi (Mixed Candy)
461,Kimu (Arend Studios)
462,King (Don't Hug Cacti)
463,King (Norsewolf Creations)
464,Kiswara (Arend Studios)
465,Kit Fox (Kit Fox)
466,Kitwana (ByCats4Cats)
467,Kitwana (Fursuits by Lacy)
468,Kiwi Fox (Kiwi Fox)
469,Kiyo Otter (Arend Studios)
470,Kizzy (Zuri Studios)
471,Klace Husky (Battitude Studios)
472,Klee Kaii (Fursuits by Lacy)
473,Kodak (Switch Stitch Suits)
474,Koda Otter (Fox Closet)
475,Koda (White Wolf Creations)
476,Kodi (Kodi Made)
477,Koidel Coyote (Fur The Win)
478,Kope (Surf Cat Costumes)
479,Kotin (Dream Machine)
480,Kovu (More Fur Less)
481,Kruger (TheKareliaFursuits)
482,Krystal (Ayano Harumaki)
483,Ku Bou (BNCreation)
484,Kuhori (More Fur Less)
485,Kuhori (OneFurAll Studios)
486,Kulza (More Fur Less)
487,Kuma (KCC)
488,Kupfer (More Fur Less)
489,Kurse (FurZombie Studios)
490,Kvothe (Made Fur You)
491,Kyash (Made Fur You)
492,Kyle (TheKareliaFursuits)
493,Kyroo (Get Fluffy)
494,Kyroo (Made Fur You)
495,Lace Aurora (Mixed Candy)
496,Laito Starr Moonlight (Kryswolf)
497,Lane (Mischief Makers)
498,Langley (Waggery Costumes)
499,Lavender (Blue Wolf Studio)
500,Lavshep (Stormfire Studios)
501,Leela Uncia (Tiggy Workz)
502,Leilia Spaniel (Made by Mercury)
503,Leo (Made Fur You)
504,Leon the Fox (The Phoenix Nest)
505,Leo the Lion (BC Lions)
506,Levael (More Fur Less)
507,Lily Bunny (Lily Bunny)
508,Lone Tiggs (OneFurAll Studios)
509,Lost Cause (More Fur Less)
510,Lucario (Noahroo)
511,Lucario (SuitADile)
512,Luchacabra (Delmir)
513,Lucifur Fox (Furr Happens)
514,Luxray (Latex Catfish)
515,Luxray (Space Cat Creations)
516,Luxray (Sugar N Spice Costumes)
517,Lyky (KomicKrazi Studios)
518,Majira Strawberry (Mischief Makers)
519,Maji The Lioness (Maji The Lioness)
520,Malibu Skyy (That's Furred Up)
521,Malik Hyena (More Fur Less)
522,Mango (Lemonbrat)
523,Mangusu (The Phoenix Nest)
524,Manuel (Mixed Candy)
525,Maple (Desert Fizz)
526,Mappy (Khoufu)
527,Marfles Malamute (Made Fur You)
528,Mark the Husky (More Fur Less)
529,Markus Fox (Arend Studios)
530,Marleau (Norsewolf Creations)
531,Marlin FisheRoo (Beautyofthebass)
532,Martinisoft (FurZombie Studios)
533,Matty Bear (Don't Hug Cacti)
534,Mausie (Templa Creations)
535,Maverick (More Fur Less)
536,MaxCoyote (Matrices)
537,Maximus Ursus (Fursuits by Lacy)
538,Max (More Fur Less)
539,Maxwolf (Get Fluffy)
540,Maxx (DTWA)
541,Maxx (Mixed Candy)
542,Maze Raccoon (Krafi)
543,mBlade (Dandylions)
544,Mediar (Made Fur You)
545,Mediar (Mediar)
546,Medosai (Camodile)
547,MEDS (TheKareliaFursuits)
548,Mega Lucario (SuitADile)
549,Mek (LupeSuits)
550,Melvis (Kodi Made)
551,Meoxie (Mutt-zilla)
552,Meth Lab Husky (Made Fur You)
553,Mew (Fur The Win)
554,Mewtwo (SuitADile)
555,Midnight (Blue Rabbit Studios)
556,Midori (SuitADile)
557,Mika (ElkCraft)
558,Milo (Mischief Makers)
559,Minnie Mouse (Disney Parks)
560,Minty (Don't Hug Cacti)
561,Mippt (DTWA)
562,Moji (romedraws)
563,Molly (Arend Studios)
564,Momo (KomicKrazi Studios)
565,Morro (Mixed Candy)
566,Mosfet (Fur It Up)
567,Mossback (BNCreation)
568,MotorYote (Mixed Candy)
569,Mountain Blue Fox Joe (Crazyjoe1952)
570,Mountain Sol (Mid Mountain Studios)
571,Moxy (The Palomino)
572,Muddy (Furtastic Studios)
573,Muddy (Mischief Makers)
574,MuffleTheFox (MuffleTheFox)
575,Mugo (Furr Happens)
576,Mukilteo (Made Fur You)
577,Munchkin (Munchkin)
578,Murdock (Waggery Costumes)
579,Murrlot (Made Fur You)
580,Myron (Twinky Arts)
581,Myrrh (Arend Studios)
582,Mystery Paws (The Phoenix Nest)
583,Nacho Dog (Bat Cat Suits)
584,Namida (Norsewolf Creations)
585,"Naq Ryba (Naq Ryba, Marylen Costumes)"
586,Nasido (Wolfbird)
587,Nbowa (Critter Country)
588,Nbowa (Don't Hug Cacti)
589,Nemo (LupeSuits)
590,Neon (More Fur Less)
591,Nepal (SuitADile)
592,Nero Sybertyger (Nero Sybertyger)
593,Nev (Kodi Made)
594,Nevska (Hindpaws)
595,Nibbles (Latex Catfish)
596,Nibbles (Norsewolf Creations)
597,Nick Wilde (Disney Parks)
598,Nick Wilde (ZuryaCreations)
599,Nico (Crafty Critters)
600,Nicole (Jillcostumes)
601,Nico (MulticolorBark)
602,Nido Flow (FurZombie Studios)
603,Nirdian (Mutt-zilla)
604,NitroShep (Arend Studios)
605,NitroShep (OneFurAll Studios)
606,Nonstoppup (Artkour Fursuits)
607,Nook (Don't Hug Cacti)
608,Norfair (Don't Hug Cacti)
609,Northanmous Kess Star (BNCreation)
610,North (North)
611,Nos Hyena (Roofur)
612,Nova (Don't Hug Cacti)
613,Novel (Sparklepup Studios)
614,Nuka (TheKareliaFursuits)
615,Nullreff (Dandylions)
616,Nyota (Mixed Candy)
617,Occie (Shkaff28)
618,Odin Wolf (OneFurAll Studios)
619,Odin Wolf (Stormfire Studios)
620,O'Hare-ah (Kemonokapi)
621,Ojex (TheKareliaFursuits)
622,Ollister (Fursuits by Lacy)
623,Ometochtli (LobitoWorks)
624,Omnom Nomnomnom (Skypro Costumes)
625,Opal Roo (More Fur Less)
626,Optic (Fursuits by Lacy)
627,Orwin (Orwin)
628,OscillaFox (OscillaFox)
629,Oven Otter (More Fur Less)
630,Oz Kangaroo (The Phoenix Nest)
631,Ozone (Arend Studios)
632,Ozone (The Phoenix Nest)
633,Packet Fox (Made Fur You)
634,PackMaster (CrowsNest Creations)
635,Pack o Nines (Feraprop)
636,Pagan Wolf (Beasts and Beyond Creations)
637,Pakrat (Pakrat)
638,Paktani (TheKareliaFursuits)
639,Palace (Bastek)
640,Palo (Made Fur You)
641,Pan Cabbit (Thunderhowl Studios)
642,Paradise (Plush Army)
643,"Parinton (Parinton, Dorky Dog Suits)"
644,Paskhowl (Jillcostumes)
645,P-Dawg (Arend Studios)
646,Peche (Made Fur You)
647,Pepper (Mischief Makers)
648,Petabyte (TheKareliaFursuits)
649,Phasor (Arend Studios)
650,Pheagle (Roofur)
651,Pickles (Party Dog Fursuits)
652,Pikzel (Kiwis Craft House)
653,Pilot (Made Fur You)
654,Pineapple (More Fur Less)
655,Pistachio (Arend Studios)
656,Pistachio (Don't Hug Cacti)
657,Pixi (Apoxon Industries)
658,Pixie (Pixie)
659,Plush Vixen (Crazyjoe1952)
660,Pocari Roo (More Fur Less)
661,Poggy (OneFurAll Studios)
662,Pokapaws (Made Fur You)
663,Polu (Polu Patchworks)
664,Poncho (Crafty Critters)
665,Popsicle (SuitADile)
666,Pordz (Snow Covered Yote)
667,Possum Face (Dombrus)
668,Prancer the Reindeer (Furr Happens)
669,Pretzel (More Fur Less)
670,Pretzelz (TheKareliaFursuits)
671,"Prince Mai (Pupnfluff, OutOfTheBlueCreations)"
672,Prospero (Mixed Candy)
673,Pup (Arend Studios)
674,Purpleski (Arend Studios)
675,Qmick Husky (Arend Studios)
676,Quartz Husky (Mischief Makers)
677,Quartz (Mischief Makers)
678,Queenie Deerhart (Og's Fursuits)
679,Queenzy (Fursuit Parade)
680,Queso (More Fur Less)
681,"Quinn (Kiteerey Creations, Darkweasel01)"
682,Quinn (Quinn)
683,Rabid Rabbit (LobitoWorks)
684,Rabid Rabbit (SuitADile)
685,Rad Fox (Made Fur You)
686,Rahne (Made Fur You)
687,Raigho (TheKareliaFursuits)
688,Rainbey (TheKareliaFursuits)
689,Rainbow Dash (Surf Cat Costumes)
690,RainRat (Arend Studios)
691,RainRat (RainRat)
692,Rainy Chaos (Creature Haven)
693,Raith (Mischief Makers)
694,Rajesh (MagpieBones)
695,Rajesh (RubberDawg)
696,Rally Pup (Kodi Made)
697,Randi (MofuMofu)
698,Randi (Sunny Valley Creations)
699,Randon (Beetlecat Originals)
700,Ranfox (WeMightBite Costumes)
701,Raptor Red (Furr Happens)
702,Rascal Jackal (Mischief Makers)
703,Raspberry Pi (Lemonbrat)
704,Rattie the Rat (Jillcostumes)
705,Rattnip (RubberDawg)
706,Rattus (Quadrupedal Jellybean)
707,Rattus (Roofur)
708,Raven Wolf (Raven Wolf)
709,Raveos (Twinky Arts)
710,Ravertooth (Wild Life)
711,Raydar (SewingStuffs)
712,Raze (The Phoenix Nest)
713,Redclaw (Rocky)
714,Red Fox (Crazyjoe1952)
715,Redwood Husky (Arend Studios)
716,Reese (Blue Rabbit Studios)
717,Reese (Made Fur You)
718,Reid (Corgilegs Crafts)
719,Rennie Fox (Critterville)
720,Rennix (OneFurAll Studios)
721,Reo Grayfox (Reo Grayfox)
722,Rex Masters (Don't Hug Cacti)
723,Rex Orchid (That's Furred Up)
724,Rexy (Rexy)
725,Rhapsodie (Don't Hug Cacti)
726,Rhari (Don't Hug Cacti)
727,Rhye (Mischief Makers)
728,Richard K Niner (Crafty Critters)
729,Richy (TheKareliaFursuits)
730,Rico Husky (Camodile)
731,Rico Husky (Lemonbrat)
732,Rico SK (Craftypillar)
733,Rico (TheKareliaFursuits)
734,Rictar Rat (SewingStuffs)
735,Rika Fox (ElkCraft)
736,Riley Winters (KaraStereoX)
737,Ripcurl (Arend Studios)
738,Ripley (MuttStuffs)
739,Ripper (The Fuzz Factory)
740,Riptide (FurZombie Studios)
741,Rivalo (Mischief Makers)
742,Ro3 (Ro3)
743,Roach (Feral Facade)
744,Roady Dragonfae (Roady Dragonfae)
745,Roan (OneFurAll Studios)
746,Robbert Roo (R_L Works)
747,Rocket (Battitude Studios)
748,Rommel Fox (FurSuits UK)
749,Rorek (BNCreation)
750,Router (NorthernKaiju)
751,Roxy (Norsewolf Creations)
752,Rubin (Sewing Critters)
753,Ruby Canine (Don't Hug Cacti)
754,Rucio (Myfurcreations)
755,Ruff (Sunny Valley Creations)
756,Rukario (Arend Studios)
757,Rummy Raccoon (Critterville)
758,Rumpus (The Fuzz Factory)
759,Russian Saber Tiger (Dragons Den Fursuits)
760,Rye (OneFurAll Studios)
761,Rynder Mystscion (DrakonicKnight)
762,Ryu (Arend Studios)
763,SaberWolf (Rum Wolf Studios)
764,Saebo (The Phoenix Nest)
765,Sairys Wolf (OneFurAll Studios)
766,Sam (Mixed Candy)
767,Samy (More Fur Less)
768,Satellite Rat (Critter Country)
769,Satire (heckhoundstudio)
770,Savoy (Fizzycat Creations)
771,Sax (Roofur)
772,Scarlet Fox (Crazyjoe1952)
773,Scar (Sparkle Kreations)
774,Schnee (Sewing Critters)
775,Scooter Squirrel (Fursuits by Lacy)
776,Scout (Splinter Fox Productions)
777,Scratch (KomicKrazi Studios)
778,Scruffy the Fox (More Fur Less)
779,Scurrow (Jillcostumes)
780,Secret Shibe (OneFurAll Studios)
781,Seikan (TheKareliaFursuits)
782,Selinar Snowcat (Corgilegs Crafts)
783,Sepiaa (Finch Fursuits)
784,Serpy (BNCreation)
785,Shade (Templa Creations)
786,Shadii (SuitADile)
787,Shadow (DirtDog Fursuits)
788,Shadow Raccoon (Made by Mercury)
789,ShadowTail (Norsewolf Creations)
790,Shakaar (Shakaar)
791,Shane Deepwood (More Fur Less)
792,Shea (Don't Hug Cacti)
793,Shea Lem (B3 Mascots)
794,Shedz (JD Puppy)
795,Shepard Mutt (Mischief Makers)
796,Sheppy (Sheppy)
797,Sherbert (K-LINE)
798,Shetani (MagpieBones)
799,Shian Panda (Mixed Candy)
800,Shifty (Fursuits by Lacy)
801,Shine (Get Fluffy)
802,Shizen (Made Fur You)
803,Shoba (More Fur Less)
804,Shogin (Noble Productions)
805,Siber Hamster (More Fur Less)
806,Siddeley (Crafty Critters)
807,Siddy (Jillcostumes)
808,Sieo Wolf (Made Fur You)
809,Siku Wolf (Arend Studios)
810,Silent Ravyn (Don't Hug Cacti)
811,Silent Wolf (Fursuits by Lacy)
812,Silver (Kilcodo Costumes)
813,Silver R Wolfe (BNCreation)
814,Silverski (Get Fluffy)
815,Silver Tiggy (Fallimar)
816,Sir Rengeti (SewingStuffs)
817,Skee Da Curl (2 Stupid Furs)
818,Skooter (SuitADile)
819,Skyan (Don't Hug Cacti)
820,SkyArrow Oryks (LupeSuits)
821,Skye Cabbit (Redstorm Fursuits)
822,Skyler (Dragons Den Fursuits)
823,Slash Sabercat (Mixed Candy)
824,Slate (Mixed Candy)
825,Snickerdoodle (The Fuzz Factory)
826,Sniper (Beastcub Creations)
827,Sniper (The Phoenix Nest)
828,Snitcher Otter (Frazzy)
829,Sock (The Phoenix Nest)
830,Sodders (Ocicat)
831,Softfox (Jimfoxyboy)
832,Sokatak (Mixed Candy)
833,SonicFox (Fursuit Enterprise)
834,Sony (Apoxon Industries)
835,Sora Gryphon (Crystumes)
836,Soren Sladkevick (Splinter Fox Productions)
837,Soul the Sergal (Primal-art)
838,Spark (Arend Studios)
839,Sparky (More Fur Less)
840,Sparky Panda (The Phoenix Nest)
841,Sparky (Wolfbird)
842,Sparx (Mediar)
843,Sparx Wolf (Norsewolf Creations)
844,Spawts (Fursuits by Lacy)
845,Spearmint (Creative Mochi)
846,Spector (Latex Catfish)
847,Splat (Mischief Makers)
848,Sprinkles (Mixed Candy)
849,Spunky (FreshwaterCacti)
850,Spuz (ByCats4Cats)
851,Squeaky (Arend Studios)
852,Starburst (LupeSuits)
853,Star (Fursuits by Lacy)
854,Starrik Kyrubui (Sunny Valley Creations)
855,Statik (White Wolf Creations)
856,Steel (Fursuits by Lacy)
857,Stix (Mediar)
858,Stormi Folf (Splinter Fox Productions)
859,Storm (More Fur Less)
860,Stormy (Stormy Fluff Creations)
861,Strat (Strat)
862,Strobes (Jillcostumes)
863,Strypes (Myfurcreations)
864,Subby Coon (Stormfire Studios)
865,Sugar (All Bark Studios)
866,Sulka (Twinky Arts)
867,Sully (Hindpaws)
868,Sundi (Sunny Valley Creations)
869,Sunny Dingo (Made Fur You)
870,Super Jayhawk (Crafty Coyo Costumes)
871,Supernova (Norsewolf Creations)
872,Switch (Switch Stitch Suits)
873,Syber (Don't Hug Cacti)
874,Syber (Fursuits by Lacy)
875,Syber (Made Fur You)
876,Syber (Mango Island Creations)
877,Syber (Mischief Makers)
878,Syber (OneFurAll Studios)
879,Syber (Ruffled Designs)
880,Syber (The Critter Factory)
881,Syber (Wild Life)
882,Sy Freedom (Norsewolf Creations)
883,Sync Otter (Fun-Fur-All)
884,Synthwolf (Synthwolf)
885,Syrus (More Fur Less)
886,Tabaqui (Crazyjoe1952)
887,TabberPaw (Kodi Made)
888,Tabbicus (Fursuits by Lacy)
889,Tab (Mixed Candy)
890,Tachi (Apoxon Industries)
891,Taebyn Pup (DTWA)
892,Tai (Sunny Valley Creations)
893,Takala (Arend Studios)
894,Tako (The Fuzz Factory)
895,Tall Possum (RicoShae)
896,Tamari (Fursuits by Lacy)
897,Tammie (Mixed Candy)
898,Tanoshi (Navy_Workshop)
899,Taro (Don't Hug Cacti)
900,Tarou Strawberry (LupeSuits)
901,Tav Tiggy (Fursuits by Lacy)
902,Taz (More Fur Less)
903,Tea (Kigurumi Kagetsu)
904,Tealeaf Raccoon (Matrices)
905,Techroo (Mixed Candy)
906,techtiggie (Arend Studios)
907,Teddy Bearson (Mingus Muffin)
908,"Tegir (Delightfully Odd, OscillaFox)"
909,Telephone (The Phoenix Nest)
910,Telford (Corgilegs Crafts)
911,Temba (Rascal Coyote)
912,Terah (Fursuits by Lacy)
913,Terkwolf (OneFurAll Studios)
914,Theadore (Fox Convoy)
915,TheKarelia (TheKareliaFursuits)
916,Theron Eindridi (Get Fluffy)
917,Theta (OneFurAll Studios)
918,Thomas Doebi (Mixed Candy)
919,Thomasin (CFStudios)
920,Thumper (Arend Studios)
921,Thump (The Fuzz Factory)
922,Tibolf (Made Fur You)
923,Tibor (ByCats4Cats)
924,Tiegan The Thylacine (Cr√©pemakes)
925,Tigsford (OneFurAll Studios)
926,Timber (Norsewolf Creations)
927,Timber Puppers (The Fuzz Factory)
928,Timburrs (Fursuits by Lacy)
929,Tito (Mixed Candy)
930,Titus (TheKareliaFursuits)
931,Tobias (Mixed Candy)
932,Toby (BNCreation)
933,Tod Puppy (Cant of Togs)
934,Tom (FangFeather Studios)
935,Tonic (MagpieBones)
936,Toru Caribou (BNCreation)
937,Torwin (Jessie T Wolf)
938,Tosh (Schneepardi Creations)
939,Totem Yote (Mixed Candy)
940,Trevor (LobitoWorks)
941,Trip E Collie (Wild Life)
942,Tropos (More Fur Less)
943,Trusty Spotty (SuitADile)
944,Tryst (SuitADile)
945,Tucker (Fursuits by Lacy)
946,Tugg (Noble Productions)
947,Tundru (Stormfire Studios)
948,Tundru Wolf (More Fur Less)
949,Tuxedo Kitty (BNCreation)
950,Twiga (Myfurcreations)
951,Twig Mouse (Rust Rat)
952,Twilight (Yippee Coyote)
953,Twitch Da Woof (More Fur Less)
954,Tyson (TheKareliaFursuits)
955,Unition Otter (Frazzy)
956,Uno Otter (OneFurAll Studios)
957,Ushay (Omegapaws)
958,Valence (SparkyCanDo)
959,Valfreya (More Fur Less)
960,Valfreya (Norsewolf Creations)
961,Val (Made Fur You)
962,Vaston (MondayMidwich)
963,Vector (More Fur Less)
964,Vee Wuff (More Fur Less)
965,Velix (More Fur Less)
966,Velox (More Fur Less)
967,Veluriel (Hilarious Fruit)
968,Ven Vulpes (Mixed Candy)
969,Vex (Mixed Candy)
970,Vikko (Vikko)
971,Vincent (Twinky Arts)
972,Vix (Arend Studios)
973,Voltage (Don't Hug Cacti)
974,Vulcan (Don't Hug Cacti)
975,Vyle (Fursuits by Lacy)
976,Waffles (Don't Hug Cacti)
977,Waffles (Dragon Soup Costumes)
978,Weichund (SuitADile)
979,WhiteFoot (MiniWolf Arts)
980,Whitepaws (Mixed Candy)
981,Wildfox (Kodi Made)
982,Wile (AericWolf)
983,William Wallace II (Neon Fur Studios)
984,Winail (The Fuzz Factory)
985,Wintergreen (Made Fur You)
986,Wolever Wuff (Fox Closet)
987,Wolfinden (TheKareliaFursuits)
988,Wolf Pup TK (The Fuzz Factory)
989,Wolfyfhang (CrowsNest Creations)
990,Woozle (The Fuzz Factory)
991,Xander (Blue Wolf Studio)
992,Xepher Sicarius (Fursuits by Lacy)
993,Xerox (Arend Studios)
994,Xusho Wolf (More Fur Less)
995,YCH (More Fur Less)
996,Yellski (Fursuits by Lacy)
997,Yen (KomicKrazi Studios)
998,Yippee Coyote (Yippee Coyote)
999,Zanth Folf (Don't Hug Cacti)
1000,Zap (More Fur Less)
1001,Zarafa Giraffe (Made Fur You)
1002,Zaros (Lemonbrat)
1003,Zaros (Paciulo Fursuits)
1004,Zaros (Squeak Latex)
1005,Zee (Scarlet Wings)
1006,Zenith (Homebrewed Suits)
1007,Zenith (That's Furred Up)
1008,Zenny (Kodi Made)
1009,Zephyr (ZappBEAST)
1010,Zero (TheKareliaFursuits)
1011,Ziggy (Heads & Tails Studios)
1012,Ziggy Rat (Ruffled Designs)
1013,Ziggy (Yumie Creations)
1014,ZigZagg (Roofur)
1015,Zippers (SuitADile)
1016,Zottel (More Fur Less)
1017,Zuel (Made Fur You)
1018,Zuel (More Fur Less)
1019,Zuzo (Crazyjoe1952)
1020,Zyro (Urbieta Creation)
